game_id,team,player_id,player,pos,shift_toi_s,n_shifts,linemates_f,linemates_d
2026020062,CHI,8474013,Ian Cole,D,874,22,Ryan Greene (376s); Jordan Greenway (311s); Cole Smith (307s),Alex Vlasic (708s)
2026020062,CHI,8474141,Patrick Kane,R,1087,19,Frank Nazar (854s); Roman Kantserov (394s),Bowen Byram (689s); Artyom Levshunov (372s)
2026020062,CHI,8476952,Dominic Toninato,C,513,11,Ryan Donato (380s); Oliver Moore (167s),Alex Vlasic (297s); Ian Cole (248s)
2026020062,CHI,8477479,Tyler Bertuzzi,L,1246,18,Roman Kantserov (1169s); Anton Frondell (1079s),Bowen Byram (704s); Wyatt Kaiser (357s)
2026020062,CHI,8477987,Ryan Donato,C,594,12,Dominic Toninato (380s); Oliver Moore (307s),Ian Cole (247s); Alex Vlasic (243s)
2026020062,CHI,8478413,Jordan Greenway,L,931,18,Cole Smith (722s); Ryan Greene (660s),Alex Vlasic (395s); Bowen Byram (321s)
2026020062,CHI,8481524,Bowen Byram,D,1595,28,Roman Kantserov (729s); Anton Frondell (708s); Tyler Bertuzzi (704s),Artyom Levshunov (796s)
2026020062,CHI,8481568,Alex Vlasic,D,988,24,Jordan Greenway (395s); Cole Smith (393s); Ryan Greene (381s),Ian Cole (708s)
2026020062,CHI,8482062,Cole Smith,R,894,19,Jordan Greenway (722s); Ryan Greene (690s),Alex Vlasic (393s); Bowen Byram (327s)
2026020062,CHI,8482176,Wyatt Kaiser,D,1002,19,Frank Nazar (395s); Tyler Bertuzzi (357s); Roman Kantserov (356s),Sam Rinzel (612s)
2026020062,CHI,8483450,Ryan Greene,C,889,20,Cole Smith (690s); Jordan Greenway (660s),Alex Vlasic (381s); Ian Cole (376s)
2026020062,CHI,8483493,Frank Nazar,C,1155,20,Patrick Kane (854s); Nick Lardis (483s),Bowen Byram (543s); Sam Rinzel (504s)
2026020062,CHI,8483506,Sam Rinzel,D,1085,21,Frank Nazar (504s); Oliver Moore (343s); Patrick Kane (335s),Wyatt Kaiser (612s)
2026020062,CHI,8484185,Nick Lardis,L,681,15,Frank Nazar (483s); Patrick Kane (314s),Sam Rinzel (318s); Artyom Levshunov (286s)
2026020062,CHI,8484197,Oliver Moore,C,720,15,Frank Nazar (451s); Patrick Kane (320s),Sam Rinzel (343s); Bowen Byram (255s)
2026020062,CHI,8484390,Roman Kantserov,R,1269,19,Tyler Bertuzzi (1169s); Anton Frondell (1078s),Bowen Byram (729s); Wyatt Kaiser (356s)
2026020062,CHI,8484783,Artyom Levshunov,D,1173,20,Frank Nazar (428s); Patrick Kane (372s); Anton Frondell (341s),Bowen Byram (796s)
2026020062,CHI,8485391,Anton Frondell,C,1217,19,Tyler Bertuzzi (1079s); Roman Kantserov (1078s),Bowen Byram (708s); Artyom Levshunov (341s)
2026020062,NYI,8475151,Kyle Palmieri,C,808,19,Bo Horvat (690s); Emil Heineman (604s),Matthew Schaefer (456s); Logan Stanley (325s)
2026020062,NYI,8475170,Brayden Schenn,C,937,20,Calum Ritchie (659s); Victor Eklund (650s),Matthew Schaefer (500s); Logan Stanley (457s)
2026020062,NYI,8475231,Casey Cizikas,C,872,20,Matias Maccelli (621s); Ondrej Palat (615s),Matthew Schaefer (358s); Logan Stanley (313s)
2026020062,NYI,8476292,Ondrej Palat,L,755,16,Casey Cizikas (615s); Matias Maccelli (594s),Matthew Schaefer (283s); Logan Stanley (269s)
2026020062,NYI,8476419,Jean-Gabriel Pageau,C,918,21,Simon Holmstrom (759s); Anthony Duclair (595s),Adam Pelech (482s); Matthew Schaefer (424s)
2026020062,NYI,8476429,Scott Mayfield,D,752,19,Matias Maccelli (306s); Emil Heineman (282s); Casey Cizikas (279s),Tony DeAngelo (470s)
2026020062,NYI,8476917,Adam Pelech,D,1277,26,Jean-Gabriel Pageau (482s); Simon Holmstrom (472s); Bo Horvat (351s),Ryan Pulock (879s)
2026020062,NYI,8477407,Anthony Duclair,L,740,19,Simon Holmstrom (662s); Jean-Gabriel Pageau (595s),Matthew Schaefer (391s); Adam Pelech (298s)
2026020062,NYI,8477500,Bo Horvat,C,1073,24,Emil Heineman (812s); Kyle Palmieri (690s),Logan Stanley (513s); Matthew Schaefer (503s)
2026020062,NYI,8477506,Ryan Pulock,D,1135,25,Jean-Gabriel Pageau (354s); Emil Heineman (332s); Bo Horvat (328s),Adam Pelech (879s)
2026020062,NYI,8477950,Tony DeAngelo,D,819,17,Casey Cizikas (301s); Matias Maccelli (283s); Calum Ritchie (267s),Scott Mayfield (470s)
2026020062,NYI,8479378,Logan Stanley,D,1431,28,Bo Horvat (513s); Brayden Schenn (457s); Emil Heineman (452s),Matthew Schaefer (1003s)
2026020062,NYI,8481601,Simon Holmstrom,R,936,20,Jean-Gabriel Pageau (759s); Anthony Duclair (662s),Adam Pelech (472s); Matthew Schaefer (462s)
2026020062,NYI,8481711,Matias Maccelli,L,928,17,Casey Cizikas (621s); Ondrej Palat (594s),Matthew Schaefer (453s); Scott Mayfield (306s)
2026020062,NYI,8482476,Emil Heineman,L,999,23,Bo Horvat (812s); Kyle Palmieri (604s),Logan Stanley (452s); Matthew Schaefer (414s)
2026020062,NYI,8484221,Calum Ritchie,C,832,17,Victor Eklund (693s); Brayden Schenn (659s),Matthew Schaefer (349s); Logan Stanley (337s)
2026020062,NYI,8485366,Matthew Schaefer,D,1605,24,Bo Horvat (503s); Brayden Schenn (500s); Simon Holmstrom (462s),Logan Stanley (1003s)
2026020062,NYI,8485388,Victor Eklund,R,829,17,Calum Ritchie (693s); Brayden Schenn (650s),Logan Stanley (372s); Matthew Schaefer (369s)
