game_id,player_id,team,player,period,shift_no,start,end,duration,start_s,end_s
2026020021,8473986,ANA,Alex Killorn,1,1,00:46,02:15,01:29,46,135
2026020021,8473986,ANA,Alex Killorn,1,2,04:08,04:35,00:27,248,275
2026020021,8473986,ANA,Alex Killorn,1,3,06:54,07:40,00:46,414,460
2026020021,8473986,ANA,Alex Killorn,1,4,12:01,12:43,00:42,721,763
2026020021,8473986,ANA,Alex Killorn,1,5,14:31,15:32,01:01,871,932
2026020021,8473986,ANA,Alex Killorn,1,6,17:55,18:32,00:37,1075,1112
2026020021,8473986,ANA,Alex Killorn,1,7,19:17,19:30,00:13,1157,1170
2026020021,8473986,ANA,Alex Killorn,2,8,00:56,01:33,00:37,1256,1293
2026020021,8473986,ANA,Alex Killorn,2,9,03:05,03:54,00:49,1385,1434
2026020021,8473986,ANA,Alex Killorn,2,10,07:03,08:37,01:34,1623,1717
2026020021,8473986,ANA,Alex Killorn,2,11,09:52,10:13,00:21,1792,1813
2026020021,8473986,ANA,Alex Killorn,2,12,11:58,12:41,00:43,1918,1961
2026020021,8473986,ANA,Alex Killorn,2,13,15:20,15:38,00:18,2120,2138
2026020021,8473986,ANA,Alex Killorn,2,14,18:33,19:20,00:47,2313,2360
2026020021,8473986,ANA,Alex Killorn,3,15,01:45,02:28,00:43,2505,2548
2026020021,8473986,ANA,Alex Killorn,3,16,05:08,05:23,00:15,2708,2723
2026020021,8473986,ANA,Alex Killorn,3,17,05:47,06:07,00:20,2747,2767
2026020021,8473986,ANA,Alex Killorn,3,18,06:47,07:19,00:32,2807,2839
2026020021,8473986,ANA,Alex Killorn,3,19,09:40,10:30,00:50,2980,3030
2026020021,8473986,ANA,Alex Killorn,3,20,12:43,13:10,00:27,3163,3190
2026020021,8473986,ANA,Alex Killorn,3,21,15:42,16:05,00:23,3342,3365
2026020021,8473986,ANA,Alex Killorn,3,22,18:40,20:00,01:20,3520,3600
2026020021,8475188,VGK,Brayden McNabb,1,1,00:00,00:51,00:51,0,51
2026020021,8475188,VGK,Brayden McNabb,1,2,02:49,03:46,00:57,169,226
2026020021,8475188,VGK,Brayden McNabb,1,3,05:10,06:12,01:02,310,372
2026020021,8475188,VGK,Brayden McNabb,1,4,07:49,08:33,00:44,469,513
2026020021,8475188,VGK,Brayden McNabb,1,5,09:39,10:51,01:12,579,651
2026020021,8475188,VGK,Brayden McNabb,1,6,13:46,14:37,00:51,826,877
2026020021,8475188,VGK,Brayden McNabb,1,7,17:13,17:41,00:28,1033,1061
2026020021,8475188,VGK,Brayden McNabb,2,8,00:00,00:44,00:44,1200,1244
2026020021,8475188,VGK,Brayden McNabb,2,9,03:04,03:46,00:42,1384,1426
2026020021,8475188,VGK,Brayden McNabb,2,10,06:15,07:03,00:48,1575,1623
2026020021,8475188,VGK,Brayden McNabb,2,11,10:00,10:13,00:13,1800,1813
2026020021,8475188,VGK,Brayden McNabb,2,12,10:55,12:06,01:11,1855,1926
2026020021,8475188,VGK,Brayden McNabb,2,13,12:41,13:05,00:24,1961,1985
2026020021,8475188,VGK,Brayden McNabb,2,14,14:21,15:03,00:42,2061,2103
2026020021,8475188,VGK,Brayden McNabb,2,15,17:28,18:20,00:52,2248,2300
2026020021,8475188,VGK,Brayden McNabb,3,16,00:00,00:40,00:40,2400,2440
2026020021,8475188,VGK,Brayden McNabb,3,17,01:45,02:22,00:37,2505,2542
2026020021,8475188,VGK,Brayden McNabb,3,18,03:52,04:38,00:46,2632,2678
2026020021,8475188,VGK,Brayden McNabb,3,19,06:47,07:53,01:06,2807,2873
2026020021,8475188,VGK,Brayden McNabb,3,20,10:30,11:33,01:03,3030,3093
2026020021,8475188,VGK,Brayden McNabb,3,21,12:43,13:26,00:43,3163,3206
2026020021,8475188,VGK,Brayden McNabb,3,22,14:01,15:03,01:02,3241,3303
2026020021,8475188,VGK,Brayden McNabb,3,23,16:51,17:10,00:19,3411,3430
2026020021,8475343,VGK,Nic Dowd,1,1,02:15,02:49,00:34,135,169
2026020021,8475343,VGK,Nic Dowd,1,2,05:11,05:51,00:40,311,351
2026020021,8475343,VGK,Nic Dowd,1,3,08:36,09:19,00:43,516,559
2026020021,8475343,VGK,Nic Dowd,1,4,09:39,10:38,00:59,579,638
2026020021,8475343,VGK,Nic Dowd,1,5,13:27,13:46,00:19,807,826
2026020021,8475343,VGK,Nic Dowd,1,6,16:13,17:14,01:01,973,1034
2026020021,8475343,VGK,Nic Dowd,1,7,19:52,20:00,00:08,1192,1200
2026020021,8475343,VGK,Nic Dowd,2,8,02:24,03:05,00:41,1344,1385
2026020021,8475343,VGK,Nic Dowd,2,9,06:15,06:58,00:43,1575,1618
2026020021,8475343,VGK,Nic Dowd,2,10,11:07,11:53,00:46,1867,1913
2026020021,8475343,VGK,Nic Dowd,2,11,18:35,19:45,01:10,2315,2385
2026020021,8475343,VGK,Nic Dowd,3,12,00:00,00:40,00:40,2400,2440
2026020021,8475798,ANA,Mikael Granlund,1,1,00:42,01:25,00:43,42,85
2026020021,8475798,ANA,Mikael Granlund,1,2,03:53,04:45,00:52,233,285
2026020021,8475798,ANA,Mikael Granlund,1,3,06:21,07:28,01:07,381,448
2026020021,8475798,ANA,Mikael Granlund,1,4,09:39,10:54,01:15,579,654
2026020021,8475798,ANA,Mikael Granlund,1,5,11:32,12:01,00:29,692,721
2026020021,8475798,ANA,Mikael Granlund,1,6,14:46,15:25,00:39,886,925
2026020021,8475798,ANA,Mikael Granlund,1,7,17:41,17:55,00:14,1061,1075
2026020021,8475798,ANA,Mikael Granlund,1,8,18:32,19:17,00:45,1112,1157
2026020021,8475798,ANA,Mikael Granlund,2,9,00:33,01:33,01:00,1233,1293
2026020021,8475798,ANA,Mikael Granlund,2,10,03:05,03:39,00:34,1385,1419
2026020021,8475798,ANA,Mikael Granlund,2,11,07:03,08:19,01:16,1623,1699
2026020021,8475798,ANA,Mikael Granlund,2,12,09:52,10:13,00:21,1792,1813
2026020021,8475798,ANA,Mikael Granlund,2,13,11:59,12:41,00:42,1919,1961
2026020021,8475798,ANA,Mikael Granlund,2,14,15:11,15:38,00:27,2111,2138
2026020021,8475798,ANA,Mikael Granlund,2,15,18:32,20:00,01:28,2312,2400
2026020021,8475798,ANA,Mikael Granlund,3,16,00:00,01:45,01:45,2400,2505
2026020021,8475798,ANA,Mikael Granlund,3,17,04:38,05:08,00:30,2678,2708
2026020021,8475798,ANA,Mikael Granlund,3,18,05:23,05:47,00:24,2723,2747
2026020021,8475798,ANA,Mikael Granlund,3,19,06:47,07:25,00:38,2807,2845
2026020021,8475798,ANA,Mikael Granlund,3,20,09:40,10:30,00:50,2980,3030
2026020021,8475798,ANA,Mikael Granlund,3,21,12:43,13:19,00:36,3163,3199
2026020021,8475798,ANA,Mikael Granlund,3,22,15:16,15:58,00:42,3316,3358
2026020021,8475798,ANA,Mikael Granlund,3,23,18:38,20:00,01:22,3518,3600
2026020021,8475913,VGK,Mark Stone,1,1,00:00,00:51,00:51,0,51
2026020021,8475913,VGK,Mark Stone,1,2,02:49,03:46,00:57,169,226
2026020021,8475913,VGK,Mark Stone,1,3,06:11,07:15,01:04,371,435
2026020021,8475913,VGK,Mark Stone,1,4,09:09,09:39,00:30,549,579
2026020021,8475913,VGK,Mark Stone,1,5,11:36,12:42,01:06,696,762
2026020021,8475913,VGK,Mark Stone,1,6,13:46,14:35,00:49,826,875
2026020021,8475913,VGK,Mark Stone,1,7,17:23,18:51,01:28,1043,1131
2026020021,8475913,VGK,Mark Stone,2,8,00:00,00:52,00:52,1200,1252
2026020021,8475913,VGK,Mark Stone,2,9,03:05,03:59,00:54,1385,1439
2026020021,8475913,VGK,Mark Stone,2,10,07:03,08:06,01:03,1623,1686
2026020021,8475913,VGK,Mark Stone,2,11,09:48,10:13,00:25,1788,1813
2026020021,8475913,VGK,Mark Stone,2,12,12:41,13:05,00:24,1961,1985
2026020021,8475913,VGK,Mark Stone,2,13,14:20,15:17,00:57,2060,2117
2026020021,8475913,VGK,Mark Stone,2,14,17:30,18:36,01:06,2250,2316
2026020021,8475913,VGK,Mark Stone,3,15,01:45,02:28,00:43,2505,2548
2026020021,8475913,VGK,Mark Stone,3,16,04:10,06:07,01:57,2650,2767
2026020021,8475913,VGK,Mark Stone,3,17,06:47,07:28,00:41,2807,2848
2026020021,8475913,VGK,Mark Stone,3,18,10:30,11:23,00:53,3030,3083
2026020021,8475913,VGK,Mark Stone,3,19,13:31,14:26,00:55,3211,3266
2026020021,8475913,VGK,Mark Stone,3,20,16:26,16:54,00:28,3386,3414
2026020021,8475913,VGK,Mark Stone,3,21,17:24,20:00,02:36,3444,3600
2026020021,8476448,VGK,William Karlsson,1,1,00:51,01:28,00:37,51,88
2026020021,8476448,VGK,William Karlsson,1,2,03:46,04:27,00:41,226,267
2026020021,8476448,VGK,William Karlsson,1,3,06:38,07:45,01:07,398,465
2026020021,8476448,VGK,William Karlsson,1,4,09:39,10:28,00:49,579,628
2026020021,8476448,VGK,William Karlsson,1,5,10:54,11:25,00:31,654,685
2026020021,8476448,VGK,William Karlsson,1,6,14:37,15:23,00:46,877,923
2026020021,8476448,VGK,William Karlsson,1,7,18:52,19:52,01:00,1132,1192
2026020021,8476448,VGK,William Karlsson,2,8,00:58,01:33,00:35,1258,1293
2026020021,8476448,VGK,William Karlsson,2,9,03:59,05:18,01:19,1439,1518
2026020021,8476448,VGK,William Karlsson,2,10,08:06,08:43,00:37,1686,1723
2026020021,8476448,VGK,William Karlsson,2,11,10:13,11:07,00:54,1813,1867
2026020021,8476448,VGK,William Karlsson,2,12,13:05,14:06,01:01,1985,2046
2026020021,8476448,VGK,William Karlsson,2,13,16:39,17:47,01:08,2199,2267
2026020021,8476448,VGK,William Karlsson,3,14,00:00,00:40,00:40,2400,2440
2026020021,8476448,VGK,William Karlsson,3,15,03:07,04:07,01:00,2587,2647
2026020021,8476448,VGK,William Karlsson,3,16,06:07,06:47,00:40,2767,2807
2026020021,8476448,VGK,William Karlsson,3,17,07:57,09:40,01:43,2877,2980
2026020021,8476448,VGK,William Karlsson,3,18,11:23,12:06,00:43,3083,3126
2026020021,8476448,VGK,William Karlsson,3,19,12:43,13:28,00:45,3163,3208
2026020021,8476448,VGK,William Karlsson,3,20,15:20,16:07,00:47,3320,3367
2026020021,8476448,VGK,William Karlsson,3,21,17:10,20:00,02:50,3430,3600
2026020021,8476881,VGK,Tomas Hertl,1,1,01:28,02:15,00:47,88,135
2026020021,8476881,VGK,Tomas Hertl,1,2,04:27,05:11,00:44,267,311
2026020021,8476881,VGK,Tomas Hertl,1,3,07:45,08:36,00:51,465,516
2026020021,8476881,VGK,Tomas Hertl,1,4,11:44,12:46,01:02,704,766
2026020021,8476881,VGK,Tomas Hertl,1,5,15:23,16:13,00:50,923,973
2026020021,8476881,VGK,Tomas Hertl,1,6,17:41,18:52,01:11,1061,1132
2026020021,8476881,VGK,Tomas Hertl,2,7,01:33,02:24,00:51,1293,1344
2026020021,8476881,VGK,Tomas Hertl,2,8,05:18,06:15,00:57,1518,1575
2026020021,8476881,VGK,Tomas Hertl,2,9,08:43,09:33,00:50,1723,1773
2026020021,8476881,VGK,Tomas Hertl,2,10,11:53,12:41,00:48,1913,1961
2026020021,8476881,VGK,Tomas Hertl,2,11,15:37,16:39,01:02,2137,2199
2026020021,8476881,VGK,Tomas Hertl,2,12,19:45,20:00,00:15,2385,2400
2026020021,8476881,VGK,Tomas Hertl,3,13,02:28,03:07,00:39,2548,2587
2026020021,8476881,VGK,Tomas Hertl,3,14,04:38,06:07,01:29,2678,2767
2026020021,8476881,VGK,Tomas Hertl,3,15,09:40,10:30,00:50,2980,3030
2026020021,8476881,VGK,Tomas Hertl,3,16,12:06,12:43,00:37,3126,3163
2026020021,8476881,VGK,Tomas Hertl,3,17,14:16,15:20,01:04,3256,3320
2026020021,8476881,VGK,Tomas Hertl,3,18,16:54,17:10,00:16,3414,3430
2026020021,8476881,VGK,Tomas Hertl,3,19,17:40,20:00,02:20,3460,3600
2026020021,8477447,VGK,Shea Theodore,1,1,00:00,00:51,00:51,0,51
2026020021,8477447,VGK,Shea Theodore,1,2,02:49,03:45,00:56,169,225
2026020021,8477447,VGK,Shea Theodore,1,3,05:13,06:10,00:57,313,370
2026020021,8477447,VGK,Shea Theodore,1,4,07:50,08:32,00:42,470,512
2026020021,8477447,VGK,Shea Theodore,1,5,09:39,10:38,00:59,579,638
2026020021,8477447,VGK,Shea Theodore,1,6,11:34,12:41,01:07,694,761
2026020021,8477447,VGK,Shea Theodore,1,7,13:46,14:37,00:51,826,877
2026020021,8477447,VGK,Shea Theodore,1,8,17:14,18:49,01:35,1034,1129
2026020021,8477447,VGK,Shea Theodore,2,9,00:00,00:59,00:59,1200,1259
2026020021,8477447,VGK,Shea Theodore,2,10,03:03,03:59,00:56,1383,1439
2026020021,8477447,VGK,Shea Theodore,2,11,06:15,07:03,00:48,1575,1623
2026020021,8477447,VGK,Shea Theodore,2,12,08:42,08:43,00:01,1722,1723
2026020021,8477447,VGK,Shea Theodore,2,13,10:00,10:13,00:13,1800,1813
2026020021,8477447,VGK,Shea Theodore,2,14,10:55,12:07,01:12,1855,1927
2026020021,8477447,VGK,Shea Theodore,2,15,12:41,13:05,00:24,1961,1985
2026020021,8477447,VGK,Shea Theodore,2,16,14:20,15:32,01:12,2060,2132
2026020021,8477447,VGK,Shea Theodore,2,17,17:27,18:42,01:15,2247,2322
2026020021,8477447,VGK,Shea Theodore,3,18,00:00,00:39,00:39,2400,2439
2026020021,8477447,VGK,Shea Theodore,3,19,01:45,02:23,00:38,2505,2543
2026020021,8477447,VGK,Shea Theodore,3,20,03:53,06:07,02:14,2633,2767
2026020021,8477447,VGK,Shea Theodore,3,21,06:47,07:53,01:06,2807,2873
2026020021,8477447,VGK,Shea Theodore,3,22,10:30,11:21,00:51,3030,3081
2026020021,8477447,VGK,Shea Theodore,3,23,12:43,13:29,00:46,3163,3209
2026020021,8477447,VGK,Shea Theodore,3,24,14:18,15:02,00:44,3258,3302
2026020021,8477447,VGK,Shea Theodore,3,25,17:02,17:10,00:08,3422,3430
2026020021,8477447,VGK,Shea Theodore,3,26,17:24,20:00,02:36,3444,3600
2026020021,8477964,VGK,Ivan Barbashev,1,1,00:00,00:51,00:51,0,51
2026020021,8477964,VGK,Ivan Barbashev,1,2,02:49,03:53,01:04,169,233
2026020021,8477964,VGK,Ivan Barbashev,1,3,06:12,06:55,00:43,372,415
2026020021,8477964,VGK,Ivan Barbashev,1,4,09:19,09:39,00:20,559,579
2026020021,8477964,VGK,Ivan Barbashev,1,5,11:39,11:44,00:05,699,704
2026020021,8477964,VGK,Ivan Barbashev,1,6,13:46,14:49,01:03,826,889
2026020021,8477964,VGK,Ivan Barbashev,1,7,17:15,17:41,00:26,1035,1061
2026020021,8477964,VGK,Ivan Barbashev,1,8,19:52,20:00,00:08,1192,1200
2026020021,8477964,VGK,Ivan Barbashev,2,9,00:00,00:43,00:43,1200,1243
2026020021,8477964,VGK,Ivan Barbashev,2,10,03:05,03:58,00:53,1385,1438
2026020021,8477964,VGK,Ivan Barbashev,2,11,07:03,08:06,01:03,1623,1686
2026020021,8477964,VGK,Ivan Barbashev,2,12,10:03,10:13,00:10,1803,1813
2026020021,8477964,VGK,Ivan Barbashev,2,13,11:13,12:06,00:53,1873,1926
2026020021,8477964,VGK,Ivan Barbashev,2,14,16:15,17:42,01:27,2175,2262
2026020021,8477964,VGK,Ivan Barbashev,3,15,03:07,04:13,01:06,2587,2653
2026020021,8477964,VGK,Ivan Barbashev,3,16,07:50,09:40,01:50,2870,2980
2026020021,8477964,VGK,Ivan Barbashev,3,17,11:20,12:06,00:46,3080,3126
2026020021,8477964,VGK,Ivan Barbashev,3,18,12:43,13:31,00:48,3163,3211
2026020021,8477964,VGK,Ivan Barbashev,3,19,15:17,16:03,00:46,3317,3363
2026020021,8477964,VGK,Ivan Barbashev,3,20,15:55,16:03,00:08,3355,3363
2026020021,8478109,VGK,Victor Olofsson,1,1,01:37,02:15,00:38,97,135
2026020021,8478109,VGK,Victor Olofsson,1,2,04:25,05:12,00:47,265,312
2026020021,8478109,VGK,Victor Olofsson,1,3,07:50,08:27,00:37,470,507
2026020021,8478109,VGK,Victor Olofsson,1,4,12:42,13:24,00:42,762,804
2026020021,8478109,VGK,Victor Olofsson,1,5,15:28,16:15,00:47,928,975
2026020021,8478109,VGK,Victor Olofsson,1,6,18:51,19:52,01:01,1131,1192
2026020021,8478109,VGK,Victor Olofsson,2,7,01:33,02:24,00:51,1293,1344
2026020021,8478109,VGK,Victor Olofsson,2,8,05:18,06:04,00:46,1518,1564
2026020021,8478109,VGK,Victor Olofsson,2,9,08:43,09:48,01:05,1723,1788
2026020021,8478109,VGK,Victor Olofsson,2,10,12:06,12:41,00:35,1926,1961
2026020021,8478109,VGK,Victor Olofsson,2,11,15:19,16:13,00:54,2119,2173
2026020021,8478109,VGK,Victor Olofsson,2,12,19:30,20:00,00:30,2370,2400
2026020021,8478109,VGK,Victor Olofsson,3,13,02:28,03:07,00:39,2548,2587
2026020021,8478109,VGK,Victor Olofsson,3,14,06:07,06:47,00:40,2767,2807
2026020021,8478109,VGK,Victor Olofsson,3,15,09:40,10:30,00:50,2980,3030
2026020021,8478109,VGK,Victor Olofsson,3,16,12:06,12:43,00:37,3126,3163
2026020021,8478109,VGK,Victor Olofsson,3,17,14:32,15:17,00:45,3272,3317
2026020021,8478109,VGK,Victor Olofsson,3,18,16:55,17:24,00:29,3415,3444
2026020021,8478366,ANA,Frank Vatrano,1,1,02:15,02:41,00:26,135,161
2026020021,8478366,ANA,Frank Vatrano,1,2,04:34,05:17,00:43,274,317
2026020021,8478366,ANA,Frank Vatrano,1,3,07:39,08:32,00:53,459,512
2026020021,8478366,ANA,Frank Vatrano,1,4,15:32,16:19,00:47,932,979
2026020021,8478366,ANA,Frank Vatrano,2,5,01:33,02:24,00:51,1293,1344
2026020021,8478366,ANA,Frank Vatrano,2,6,04:48,05:18,00:30,1488,1518
2026020021,8478366,ANA,Frank Vatrano,2,7,08:37,09:19,00:42,1717,1759
2026020021,8478366,ANA,Frank Vatrano,2,8,12:41,13:29,00:48,1961,2009
2026020021,8478366,ANA,Frank Vatrano,2,9,16:21,17:14,00:53,2181,2234
2026020021,8478366,ANA,Frank Vatrano,2,10,19:20,20:00,00:40,2360,2400
2026020021,8478366,ANA,Frank Vatrano,3,11,03:07,03:54,00:47,2587,2634
2026020021,8478366,ANA,Frank Vatrano,3,12,07:19,07:57,00:38,2839,2877
2026020021,8478366,ANA,Frank Vatrano,3,13,11:23,11:59,00:36,3083,3119
2026020021,8478366,ANA,Frank Vatrano,3,14,13:41,14:47,01:06,3221,3287
2026020021,8478366,ANA,Frank Vatrano,3,15,16:56,17:10,00:14,3416,3430
2026020021,8478396,VGK,Noah Hanifin,1,1,01:27,02:15,00:48,87,135
2026020021,8478396,VGK,Noah Hanifin,1,2,03:44,04:29,00:45,224,269
2026020021,8478396,VGK,Noah Hanifin,1,3,06:10,07:19,01:09,370,439
2026020021,8478396,VGK,Noah Hanifin,1,4,08:33,09:08,00:35,513,548
2026020021,8478396,VGK,Noah Hanifin,1,5,10:51,11:44,00:53,651,704
2026020021,8478396,VGK,Noah Hanifin,1,6,13:12,13:46,00:34,792,826
2026020021,8478396,VGK,Noah Hanifin,1,7,15:31,17:13,01:42,931,1033
2026020021,8478396,VGK,Noah Hanifin,1,8,19:52,20:00,00:08,1192,1200
2026020021,8478396,VGK,Noah Hanifin,2,9,01:33,02:24,00:51,1293,1344
2026020021,8478396,VGK,Noah Hanifin,2,10,03:46,04:36,00:50,1426,1476
2026020021,8478396,VGK,Noah Hanifin,2,11,05:18,06:15,00:57,1518,1575
2026020021,8478396,VGK,Noah Hanifin,2,12,08:06,08:43,00:37,1686,1723
2026020021,8478396,VGK,Noah Hanifin,2,13,10:13,10:55,00:42,1813,1855
2026020021,8478396,VGK,Noah Hanifin,2,14,13:05,13:29,00:24,1985,2009
2026020021,8478396,VGK,Noah Hanifin,2,15,15:03,16:53,01:50,2103,2213
2026020021,8478396,VGK,Noah Hanifin,2,16,18:20,19:14,00:54,2300,2354
2026020021,8478396,VGK,Noah Hanifin,3,17,00:40,01:45,01:05,2440,2505
2026020021,8478396,VGK,Noah Hanifin,3,18,03:07,03:52,00:45,2587,2632
2026020021,8478396,VGK,Noah Hanifin,3,19,06:07,06:47,00:40,2767,2807
2026020021,8478396,VGK,Noah Hanifin,3,20,09:40,10:30,00:50,2980,3030
2026020021,8478396,VGK,Noah Hanifin,3,21,12:06,12:43,00:37,3126,3163
2026020021,8478396,VGK,Noah Hanifin,3,22,13:26,14:18,00:52,3206,3258
2026020021,8478396,VGK,Noah Hanifin,3,23,15:02,15:53,00:51,3302,3353
2026020021,8478396,VGK,Noah Hanifin,3,24,17:10,17:24,00:14,3430,3444
2026020021,8478397,VGK,Rasmus Andersson,1,1,00:51,01:27,00:36,51,87
2026020021,8478397,VGK,Rasmus Andersson,1,2,02:15,02:49,00:34,135,169
2026020021,8478397,VGK,Rasmus Andersson,1,3,04:39,05:10,00:31,279,310
2026020021,8478397,VGK,Rasmus Andersson,1,4,07:22,07:49,00:27,442,469
2026020021,8478397,VGK,Rasmus Andersson,1,5,09:19,09:39,00:20,559,579
2026020021,8478397,VGK,Rasmus Andersson,1,6,10:54,11:34,00:40,654,694
2026020021,8478397,VGK,Rasmus Andersson,1,7,12:28,13:12,00:44,748,792
2026020021,8478397,VGK,Rasmus Andersson,1,8,14:37,15:31,00:54,877,931
2026020021,8478397,VGK,Rasmus Andersson,1,9,18:49,19:52,01:03,1129,1192
2026020021,8478397,VGK,Rasmus Andersson,2,10,00:43,01:33,00:50,1243,1293
2026020021,8478397,VGK,Rasmus Andersson,2,11,02:24,03:04,00:40,1344,1384
2026020021,8478397,VGK,Rasmus Andersson,2,12,04:36,05:18,00:42,1476,1518
2026020021,8478397,VGK,Rasmus Andersson,2,13,07:03,08:06,01:03,1623,1686
2026020021,8478397,VGK,Rasmus Andersson,2,14,08:43,10:00,01:17,1723,1800
2026020021,8478397,VGK,Rasmus Andersson,2,15,12:06,12:41,00:35,1926,1961
2026020021,8478397,VGK,Rasmus Andersson,2,16,13:29,14:21,00:52,2009,2061
2026020021,8478397,VGK,Rasmus Andersson,2,17,16:13,17:27,01:14,2173,2247
2026020021,8478397,VGK,Rasmus Andersson,2,18,19:14,20:00,00:46,2354,2400
2026020021,8478397,VGK,Rasmus Andersson,3,19,02:00,02:18,00:18,2520,2538
2026020021,8478397,VGK,Rasmus Andersson,3,20,02:23,03:07,00:44,2543,2587
2026020021,8478397,VGK,Rasmus Andersson,3,21,07:53,09:40,01:47,2873,2980
2026020021,8478397,VGK,Rasmus Andersson,3,22,11:33,12:43,01:10,3093,3163
2026020021,8478397,VGK,Rasmus Andersson,3,23,13:31,14:01,00:30,3211,3241
2026020021,8478397,VGK,Rasmus Andersson,3,24,15:54,16:51,00:57,3354,3411
2026020021,8478403,VGK,Jack Eichel,1,1,00:00,00:51,00:51,0,51
2026020021,8478403,VGK,Jack Eichel,1,2,02:49,03:44,00:55,169,224
2026020021,8478403,VGK,Jack Eichel,1,3,05:51,06:38,00:47,351,398
2026020021,8478403,VGK,Jack Eichel,1,4,09:19,09:39,00:20,559,579
2026020021,8478403,VGK,Jack Eichel,1,5,11:25,12:47,01:22,685,767
2026020021,8478403,VGK,Jack Eichel,1,6,13:46,14:37,00:51,826,877
2026020021,8478403,VGK,Jack Eichel,1,7,17:14,18:54,01:40,1034,1134
2026020021,8478403,VGK,Jack Eichel,2,8,00:00,00:58,00:58,1200,1258
2026020021,8478403,VGK,Jack Eichel,2,9,03:05,03:59,00:54,1385,1439
2026020021,8478403,VGK,Jack Eichel,2,10,06:58,08:06,01:08,1618,1686
2026020021,8478403,VGK,Jack Eichel,2,11,09:33,10:13,00:40,1773,1813
2026020021,8478403,VGK,Jack Eichel,2,12,12:41,13:05,00:24,1961,1985
2026020021,8478403,VGK,Jack Eichel,2,13,14:06,15:37,01:31,2046,2137
2026020021,8478403,VGK,Jack Eichel,2,14,17:47,18:35,00:48,2267,2315
2026020021,8478403,VGK,Jack Eichel,3,15,01:45,02:28,00:43,2505,2548
2026020021,8478403,VGK,Jack Eichel,3,16,04:07,06:07,02:00,2647,2767
2026020021,8478403,VGK,Jack Eichel,3,17,06:47,07:57,01:10,2807,2877
2026020021,8478403,VGK,Jack Eichel,3,18,10:30,11:24,00:54,3030,3084
2026020021,8478403,VGK,Jack Eichel,3,19,13:29,14:16,00:47,3209,3256
2026020021,8478403,VGK,Jack Eichel,3,20,16:07,16:55,00:48,3367,3415
2026020021,8478403,VGK,Jack Eichel,3,21,17:24,20:00,02:36,3444,3600
2026020021,8478421,ANA,Anthony-John (AJ) Greer,1,1,00:00,00:34,00:34,0,34
2026020021,8478421,ANA,Anthony-John (AJ) Greer,1,2,03:10,03:47,00:37,190,227
2026020021,8478421,ANA,Anthony-John (AJ) Greer,1,3,06:05,06:53,00:48,365,413
2026020021,8478421,ANA,Anthony-John (AJ) Greer,1,4,09:13,09:39,00:26,553,579
2026020021,8478421,ANA,Anthony-John (AJ) Greer,1,5,10:52,10:54,00:02,652,654
2026020021,8478421,ANA,Anthony-John (AJ) Greer,1,6,13:54,14:47,00:53,834,887
2026020021,8478421,ANA,Anthony-John (AJ) Greer,1,7,17:17,17:41,00:24,1037,1061
2026020021,8478421,ANA,Anthony-John (AJ) Greer,2,8,00:00,00:44,00:44,1200,1244
2026020021,8478421,ANA,Anthony-John (AJ) Greer,2,9,03:55,04:48,00:53,1435,1488
2026020021,8478421,ANA,Anthony-John (AJ) Greer,2,10,06:05,07:03,00:58,1565,1623
2026020021,8478421,ANA,Anthony-John (AJ) Greer,2,11,09:19,09:46,00:27,1759,1786
2026020021,8478421,ANA,Anthony-John (AJ) Greer,2,12,10:45,12:00,01:15,1845,1920
2026020021,8478421,ANA,Anthony-John (AJ) Greer,2,13,14:09,14:39,00:30,2049,2079
2026020021,8478421,ANA,Anthony-John (AJ) Greer,2,14,17:11,18:32,01:21,2231,2312
2026020021,8478421,ANA,Anthony-John (AJ) Greer,3,15,01:45,02:28,00:43,2505,2548
2026020021,8478421,ANA,Anthony-John (AJ) Greer,3,16,04:01,04:38,00:37,2641,2678
2026020021,8478421,ANA,Anthony-John (AJ) Greer,3,17,06:07,06:47,00:40,2767,2807
2026020021,8478421,ANA,Anthony-John (AJ) Greer,3,18,10:41,11:19,00:38,3041,3079
2026020021,8478421,ANA,Anthony-John (AJ) Greer,3,19,13:31,14:06,00:35,3211,3246
2026020021,8478421,ANA,Anthony-John (AJ) Greer,3,20,16:51,17:10,00:19,3411,3430
2026020021,8478450,VGK,Parker Wotherspoon,1,1,00:51,01:30,00:39,51,90
2026020021,8478450,VGK,Parker Wotherspoon,1,2,02:15,02:49,00:34,135,169
2026020021,8478450,VGK,Parker Wotherspoon,1,3,04:29,05:13,00:44,269,313
2026020021,8478450,VGK,Parker Wotherspoon,1,4,07:19,07:50,00:31,439,470
2026020021,8478450,VGK,Parker Wotherspoon,1,5,09:08,09:39,00:31,548,579
2026020021,8478450,VGK,Parker Wotherspoon,1,6,12:41,13:13,00:32,761,793
2026020021,8478450,VGK,Parker Wotherspoon,1,7,14:35,15:31,00:56,875,931
2026020021,8478450,VGK,Parker Wotherspoon,1,8,19:30,19:52,00:22,1170,1192
2026020021,8478450,VGK,Parker Wotherspoon,2,9,00:59,01:33,00:34,1259,1293
2026020021,8478450,VGK,Parker Wotherspoon,2,10,02:24,03:03,00:39,1344,1383
2026020021,8478450,VGK,Parker Wotherspoon,2,11,04:50,05:18,00:28,1490,1518
2026020021,8478450,VGK,Parker Wotherspoon,2,12,07:03,08:06,01:03,1623,1686
2026020021,8478450,VGK,Parker Wotherspoon,2,13,08:43,10:00,01:17,1723,1800
2026020021,8478450,VGK,Parker Wotherspoon,2,14,12:07,12:41,00:34,1927,1961
2026020021,8478450,VGK,Parker Wotherspoon,2,15,13:29,14:20,00:51,2009,2060
2026020021,8478450,VGK,Parker Wotherspoon,2,16,16:53,17:30,00:37,2213,2250
2026020021,8478450,VGK,Parker Wotherspoon,2,17,19:39,20:00,00:21,2379,2400
2026020021,8478450,VGK,Parker Wotherspoon,3,18,02:22,03:07,00:45,2542,2587
2026020021,8478450,VGK,Parker Wotherspoon,3,19,07:53,09:40,01:47,2873,2980
2026020021,8478450,VGK,Parker Wotherspoon,3,20,11:21,12:06,00:45,3081,3126
2026020021,8478450,VGK,Parker Wotherspoon,3,21,15:53,17:02,01:09,3353,3422
2026020021,8478468,VGK,Jeremy Lauzon,1,1,01:30,02:15,00:45,90,135
2026020021,8478468,VGK,Jeremy Lauzon,1,2,03:45,04:39,00:54,225,279
2026020021,8478468,VGK,Jeremy Lauzon,1,3,06:11,07:22,01:11,371,442
2026020021,8478468,VGK,Jeremy Lauzon,1,4,08:32,09:19,00:47,512,559
2026020021,8478468,VGK,Jeremy Lauzon,1,5,10:38,10:54,00:16,638,654
2026020021,8478468,VGK,Jeremy Lauzon,1,6,13:13,13:46,00:33,793,826
2026020021,8478468,VGK,Jeremy Lauzon,1,7,15:31,17:14,01:43,931,1034
2026020021,8478468,VGK,Jeremy Lauzon,1,8,19:52,20:00,00:08,1192,1200
2026020021,8478468,VGK,Jeremy Lauzon,2,9,01:33,02:24,00:51,1293,1344
2026020021,8478468,VGK,Jeremy Lauzon,2,10,03:59,04:50,00:51,1439,1490
2026020021,8478468,VGK,Jeremy Lauzon,2,11,05:18,06:16,00:58,1518,1576
2026020021,8478468,VGK,Jeremy Lauzon,2,12,08:06,08:42,00:36,1686,1722
2026020021,8478468,VGK,Jeremy Lauzon,2,13,10:13,10:55,00:42,1813,1855
2026020021,8478468,VGK,Jeremy Lauzon,2,14,13:05,13:29,00:24,1985,2009
2026020021,8478468,VGK,Jeremy Lauzon,2,15,15:32,16:15,00:43,2132,2175
2026020021,8478468,VGK,Jeremy Lauzon,2,16,18:42,19:39,00:57,2322,2379
2026020021,8478468,VGK,Jeremy Lauzon,3,17,00:40,01:45,01:05,2440,2505
2026020021,8478468,VGK,Jeremy Lauzon,3,18,03:07,03:53,00:46,2587,2633
2026020021,8478468,VGK,Jeremy Lauzon,3,19,06:07,06:47,00:40,2767,2807
2026020021,8478468,VGK,Jeremy Lauzon,3,20,09:40,10:30,00:50,2980,3030
2026020021,8478468,VGK,Jeremy Lauzon,3,21,13:28,13:31,00:03,3208,3211
2026020021,8478468,VGK,Jeremy Lauzon,3,22,15:03,15:54,00:51,3303,3354
2026020021,8478468,VGK,Jeremy Lauzon,3,23,17:10,17:24,00:14,3430,3444
2026020021,8478483,VGK,Mitch Marner,1,1,00:51,01:37,00:46,51,97
2026020021,8478483,VGK,Mitch Marner,1,2,03:46,04:25,00:39,226,265
2026020021,8478483,VGK,Mitch Marner,1,3,07:15,07:50,00:35,435,470
2026020021,8478483,VGK,Mitch Marner,1,4,10:28,10:54,00:26,628,654
2026020021,8478483,VGK,Mitch Marner,1,5,11:44,12:28,00:44,704,748
2026020021,8478483,VGK,Mitch Marner,1,6,14:37,15:28,00:51,877,928
2026020021,8478483,VGK,Mitch Marner,1,7,17:41,18:52,01:11,1061,1132
2026020021,8478483,VGK,Mitch Marner,2,8,00:52,01:33,00:41,1252,1293
2026020021,8478483,VGK,Mitch Marner,2,9,03:59,05:18,01:19,1439,1518
2026020021,8478483,VGK,Mitch Marner,2,10,08:06,08:43,00:37,1686,1723
2026020021,8478483,VGK,Mitch Marner,2,11,10:13,11:14,01:01,1813,1874
2026020021,8478483,VGK,Mitch Marner,2,12,13:05,14:20,01:15,1985,2060
2026020021,8478483,VGK,Mitch Marner,2,13,16:17,17:28,01:11,2177,2248
2026020021,8478483,VGK,Mitch Marner,3,14,00:39,01:45,01:06,2439,2505
2026020021,8478483,VGK,Mitch Marner,3,15,03:07,04:10,01:03,2587,2650
2026020021,8478483,VGK,Mitch Marner,3,16,04:38,06:07,01:29,2678,2767
2026020021,8478483,VGK,Mitch Marner,3,17,07:28,09:40,02:12,2848,2980
2026020021,8478483,VGK,Mitch Marner,3,18,11:24,12:06,00:42,3084,3126
2026020021,8478483,VGK,Mitch Marner,3,19,12:43,13:31,00:48,3163,3211
2026020021,8478483,VGK,Mitch Marner,3,20,15:16,16:26,01:10,3316,3386
2026020021,8478483,VGK,Mitch Marner,3,21,17:24,20:00,02:36,3444,3600
2026020021,8478483,VGK,Mitch Marner,3,22,17:24,20:00,02:36,3444,3600
2026020021,8479353,VGK,Brett Howden,1,1,00:51,01:39,00:48,51,99
2026020021,8479353,VGK,Brett Howden,1,2,03:53,04:39,00:46,233,279
2026020021,8479353,VGK,Brett Howden,1,3,06:55,07:50,00:55,415,470
2026020021,8479353,VGK,Brett Howden,1,4,10:38,10:54,00:16,638,654
2026020021,8479353,VGK,Brett Howden,1,5,12:47,13:27,00:40,767,807
2026020021,8479353,VGK,Brett Howden,1,6,14:49,15:31,00:42,889,931
2026020021,8479353,VGK,Brett Howden,2,7,00:44,01:33,00:49,1244,1293
2026020021,8479353,VGK,Brett Howden,2,8,03:58,04:55,00:57,1438,1495
2026020021,8479353,VGK,Brett Howden,2,9,08:06,08:43,00:37,1686,1723
2026020021,8479353,VGK,Brett Howden,2,10,10:13,11:13,01:00,1813,1873
2026020021,8479353,VGK,Brett Howden,2,11,12:41,13:05,00:24,1961,1985
2026020021,8479353,VGK,Brett Howden,2,12,14:24,15:19,00:55,2064,2119
2026020021,8479353,VGK,Brett Howden,2,13,17:42,18:34,00:52,2262,2314
2026020021,8479353,VGK,Brett Howden,3,14,00:40,01:45,01:05,2440,2505
2026020021,8479353,VGK,Brett Howden,3,15,04:13,04:38,00:25,2653,2678
2026020021,8479353,VGK,Brett Howden,3,16,06:47,07:50,01:03,2807,2870
2026020021,8479353,VGK,Brett Howden,3,17,10:30,11:20,00:50,3030,3080
2026020021,8479353,VGK,Brett Howden,3,18,13:31,14:32,01:01,3211,3272
2026020021,8479353,VGK,Brett Howden,3,19,16:03,16:56,00:53,3363,3416
2026020021,8479394,VGK,Carter Hart,1,1,00:00,20:00,20:00,0,1200
2026020021,8479394,VGK,Carter Hart,2,2,00:00,20:00,20:00,1200,2400
2026020021,8479394,VGK,Carter Hart,3,3,00:00,17:40,17:40,2400,3460
2026020021,8480068,ANA,Ryan Poehling,1,1,01:26,02:15,00:49,86,135
2026020021,8480068,ANA,Ryan Poehling,1,2,04:45,05:21,00:36,285,321
2026020021,8480068,ANA,Ryan Poehling,1,3,07:28,08:28,01:00,448,508
2026020021,8480068,ANA,Ryan Poehling,1,4,10:54,11:32,00:38,654,692
2026020021,8480068,ANA,Ryan Poehling,1,5,12:22,12:42,00:20,742,762
2026020021,8480068,ANA,Ryan Poehling,1,6,15:25,16:12,00:47,925,972
2026020021,8480068,ANA,Ryan Poehling,1,7,17:55,18:48,00:53,1075,1128
2026020021,8480068,ANA,Ryan Poehling,1,8,19:16,19:30,00:14,1156,1170
2026020021,8480068,ANA,Ryan Poehling,2,9,01:33,02:24,00:51,1293,1344
2026020021,8480068,ANA,Ryan Poehling,2,10,04:39,05:18,00:39,1479,1518
2026020021,8480068,ANA,Ryan Poehling,2,11,08:19,09:19,01:00,1699,1759
2026020021,8480068,ANA,Ryan Poehling,2,12,12:41,13:29,00:48,1961,2009
2026020021,8480068,ANA,Ryan Poehling,2,13,16:28,17:21,00:53,2188,2241
2026020021,8480068,ANA,Ryan Poehling,3,14,01:45,02:28,00:43,2505,2548
2026020021,8480068,ANA,Ryan Poehling,3,15,03:06,04:03,00:57,2586,2643
2026020021,8480068,ANA,Ryan Poehling,3,16,05:07,05:23,00:16,2707,2723
2026020021,8480068,ANA,Ryan Poehling,3,17,07:25,07:57,00:32,2845,2877
2026020021,8480068,ANA,Ryan Poehling,3,18,11:17,12:01,00:44,3077,3121
2026020021,8480068,ANA,Ryan Poehling,3,19,13:42,14:48,01:06,3222,3288
2026020021,8480068,ANA,Ryan Poehling,3,20,16:53,17:10,00:17,3413,3430
2026020021,8480843,ANA,Lukas Dostal,1,1,00:00,20:00,20:00,0,1200
2026020021,8480843,ANA,Lukas Dostal,2,2,00:00,20:00,20:00,1200,2400
2026020021,8480843,ANA,Lukas Dostal,3,3,00:00,20:00,20:00,2400,3600
2026020021,8481538,ANA,Judd Caulfield,1,1,02:15,03:06,00:51,135,186
2026020021,8481538,ANA,Judd Caulfield,1,2,05:17,06:03,00:46,317,363
2026020021,8481538,ANA,Judd Caulfield,1,3,08:32,09:10,00:38,512,550
2026020021,8481538,ANA,Judd Caulfield,1,4,13:25,13:54,00:29,805,834
2026020021,8481538,ANA,Judd Caulfield,1,5,16:19,17:17,00:58,979,1037
2026020021,8481538,ANA,Judd Caulfield,1,6,19:52,20:00,00:08,1192,1200
2026020021,8481538,ANA,Judd Caulfield,2,7,02:24,03:05,00:41,1344,1385
2026020021,8481538,ANA,Judd Caulfield,2,8,05:18,06:13,00:55,1518,1573
2026020021,8481538,ANA,Judd Caulfield,2,9,10:13,10:52,00:39,1813,1852
2026020021,8481538,ANA,Judd Caulfield,2,10,13:29,14:28,00:59,2009,2068
2026020021,8481538,ANA,Judd Caulfield,2,11,15:38,16:21,00:43,2138,2181
2026020021,8481538,ANA,Judd Caulfield,3,12,02:28,03:07,00:39,2548,2587
2026020021,8481538,ANA,Judd Caulfield,3,13,07:57,09:40,01:43,2877,2980
2026020021,8481538,ANA,Judd Caulfield,3,14,11:59,12:43,00:44,3119,3163
2026020021,8481538,ANA,Judd Caulfield,3,15,14:48,15:42,00:54,3288,3342
2026020021,8481538,ANA,Judd Caulfield,3,16,17:10,18:40,01:30,3430,3520
2026020021,8481605,ANA,Jackson LaCombe,1,1,00:00,00:35,00:35,0,35
2026020021,8481605,ANA,Jackson LaCombe,1,2,02:15,03:10,00:55,135,190
2026020021,8481605,ANA,Jackson LaCombe,1,3,04:08,04:34,00:26,248,274
2026020021,8481605,ANA,Jackson LaCombe,1,4,06:04,07:08,01:04,364,428
2026020021,8481605,ANA,Jackson LaCombe,1,5,08:30,09:04,00:34,510,544
2026020021,8481605,ANA,Jackson LaCombe,1,6,09:39,11:30,01:51,579,690
2026020021,8481605,ANA,Jackson LaCombe,1,7,12:22,13:11,00:49,742,791
2026020021,8481605,ANA,Jackson LaCombe,1,8,13:46,14:44,00:58,826,884
2026020021,8481605,ANA,Jackson LaCombe,1,9,16:12,17:22,01:10,972,1042
2026020021,8481605,ANA,Jackson LaCombe,1,10,18:31,19:17,00:46,1111,1157
2026020021,8481605,ANA,Jackson LaCombe,1,11,19:52,20:00,00:08,1192,1200
2026020021,8481605,ANA,Jackson LaCombe,2,12,00:00,00:53,00:53,1200,1253
2026020021,8481605,ANA,Jackson LaCombe,2,13,02:07,02:53,00:46,1327,1373
2026020021,8481605,ANA,Jackson LaCombe,2,14,03:05,03:51,00:46,1385,1431
2026020021,8481605,ANA,Jackson LaCombe,2,15,05:18,06:05,00:47,1518,1565
2026020021,8481605,ANA,Jackson LaCombe,2,16,07:01,08:19,01:18,1621,1699
2026020021,8481605,ANA,Jackson LaCombe,2,17,09:19,10:09,00:50,1759,1809
2026020021,8481605,ANA,Jackson LaCombe,2,18,11:57,13:29,01:32,1917,2009
2026020021,8481605,ANA,Jackson LaCombe,2,19,15:11,16:23,01:12,2111,2183
2026020021,8481605,ANA,Jackson LaCombe,2,20,17:11,18:34,01:23,2231,2314
2026020021,8481605,ANA,Jackson LaCombe,2,21,19:20,20:00,00:40,2360,2400
2026020021,8481605,ANA,Jackson LaCombe,3,22,00:00,01:13,01:13,2400,2473
2026020021,8481605,ANA,Jackson LaCombe,3,23,03:07,04:02,00:55,2587,2642
2026020021,8481605,ANA,Jackson LaCombe,3,24,05:06,06:07,01:01,2706,2767
2026020021,8481605,ANA,Jackson LaCombe,3,25,06:18,06:47,00:29,2778,2807
2026020021,8481605,ANA,Jackson LaCombe,3,26,07:19,07:57,00:38,2839,2877
2026020021,8481605,ANA,Jackson LaCombe,3,27,09:40,10:30,00:50,2980,3030
2026020021,8481605,ANA,Jackson LaCombe,3,28,11:12,12:15,01:03,3072,3135
2026020021,8481605,ANA,Jackson LaCombe,3,29,12:43,13:19,00:36,3163,3199
2026020021,8481605,ANA,Jackson LaCombe,3,30,14:03,14:47,00:44,3243,3287
2026020021,8481605,ANA,Jackson LaCombe,3,31,15:42,16:29,00:47,3342,3389
2026020021,8481605,ANA,Jackson LaCombe,3,32,16:56,17:10,00:14,3416,3430
2026020021,8481605,ANA,Jackson LaCombe,3,33,18:16,20:00,01:44,3496,3600
2026020021,8481754,ANA,Nikita Nesterenko,1,1,01:26,02:15,00:49,86,135
2026020021,8481754,ANA,Nikita Nesterenko,1,2,04:45,05:19,00:34,285,319
2026020021,8481754,ANA,Nikita Nesterenko,1,3,07:40,08:26,00:46,460,506
2026020021,8481754,ANA,Nikita Nesterenko,1,4,10:54,11:31,00:37,654,691
2026020021,8481754,ANA,Nikita Nesterenko,1,5,15:26,16:12,00:46,926,972
2026020021,8481754,ANA,Nikita Nesterenko,2,6,01:33,02:24,00:51,1293,1344
2026020021,8481754,ANA,Nikita Nesterenko,2,7,04:48,05:18,00:30,1488,1518
2026020021,8481754,ANA,Nikita Nesterenko,2,8,08:35,09:19,00:44,1715,1759
2026020021,8481754,ANA,Nikita Nesterenko,2,9,12:41,13:19,00:38,1961,1999
2026020021,8481754,ANA,Nikita Nesterenko,2,10,16:21,17:11,00:50,2181,2231
2026020021,8481754,ANA,Nikita Nesterenko,2,11,19:28,20:00,00:32,2368,2400
2026020021,8481754,ANA,Nikita Nesterenko,3,12,03:04,04:01,00:57,2584,2641
2026020021,8481754,ANA,Nikita Nesterenko,3,13,07:34,07:57,00:23,2854,2877
2026020021,8481754,ANA,Nikita Nesterenko,3,14,11:19,12:22,01:03,3079,3142
2026020021,8481754,ANA,Nikita Nesterenko,3,15,14:06,14:49,00:43,3246,3289
2026020021,8481754,ANA,Nikita Nesterenko,3,16,17:10,18:16,01:06,3430,3496
2026020021,8482408,ANA,Jeff Malott,1,1,02:41,03:10,00:29,161,190
2026020021,8482408,ANA,Jeff Malott,1,2,05:19,06:05,00:46,319,365
2026020021,8482408,ANA,Jeff Malott,1,3,08:26,09:13,00:47,506,553
2026020021,8482408,ANA,Jeff Malott,1,4,13:46,13:54,00:08,826,834
2026020021,8482408,ANA,Jeff Malott,1,5,16:12,17:18,01:06,972,1038
2026020021,8482408,ANA,Jeff Malott,1,6,19:52,20:00,00:08,1192,1200
2026020021,8482408,ANA,Jeff Malott,2,7,02:24,03:05,00:41,1344,1385
2026020021,8482408,ANA,Jeff Malott,2,8,05:18,06:05,00:47,1518,1565
2026020021,8482408,ANA,Jeff Malott,2,9,09:46,09:52,00:06,1786,1792
2026020021,8482408,ANA,Jeff Malott,2,10,10:13,10:45,00:32,1813,1845
2026020021,8482408,ANA,Jeff Malott,2,11,13:19,14:09,00:50,1999,2049
2026020021,8482408,ANA,Jeff Malott,2,12,15:38,16:21,00:43,2138,2181
2026020021,8482408,ANA,Jeff Malott,3,13,02:28,03:07,00:39,2548,2587
2026020021,8482408,ANA,Jeff Malott,3,14,07:57,09:40,01:43,2877,2980
2026020021,8482408,ANA,Jeff Malott,3,15,12:22,12:43,00:21,3142,3163
2026020021,8482408,ANA,Jeff Malott,3,16,14:49,15:42,00:53,3289,3342
2026020021,8482731,ANA,Tyson Hinds,1,1,01:23,02:15,00:52,83,135
2026020021,8482731,ANA,Tyson Hinds,1,2,04:35,05:26,00:51,275,326
2026020021,8482731,ANA,Tyson Hinds,1,3,07:40,08:30,00:50,460,510
2026020021,8482731,ANA,Tyson Hinds,1,4,13:11,13:46,00:35,791,826
2026020021,8482731,ANA,Tyson Hinds,1,5,15:23,16:12,00:49,923,972
2026020021,8482731,ANA,Tyson Hinds,2,6,01:25,02:07,00:42,1285,1327
2026020021,8482731,ANA,Tyson Hinds,2,7,04:28,05:18,00:50,1468,1518
2026020021,8482731,ANA,Tyson Hinds,2,8,10:09,10:48,00:39,1809,1848
2026020021,8482731,ANA,Tyson Hinds,2,9,14:13,15:11,00:58,2053,2111
2026020021,8482731,ANA,Tyson Hinds,3,10,02:28,03:07,00:39,2548,2587
2026020021,8482731,ANA,Tyson Hinds,3,11,04:03,04:38,00:35,2643,2678
2026020021,8482731,ANA,Tyson Hinds,3,12,12:15,13:10,00:55,3135,3190
2026020021,8483445,ANA,Cutter Gauthier,1,1,00:00,00:46,00:46,0,46
2026020021,8483445,ANA,Cutter Gauthier,1,2,03:06,04:08,01:02,186,248
2026020021,8483445,ANA,Cutter Gauthier,1,3,06:03,06:54,00:51,363,414
2026020021,8483445,ANA,Cutter Gauthier,1,4,09:10,10:54,01:44,550,654
2026020021,8483445,ANA,Cutter Gauthier,1,5,12:54,13:21,00:27,774,801
2026020021,8483445,ANA,Cutter Gauthier,1,6,13:54,14:31,00:37,834,871
2026020021,8483445,ANA,Cutter Gauthier,1,7,17:18,17:41,00:23,1038,1061
2026020021,8483445,ANA,Cutter Gauthier,1,8,19:41,19:52,00:11,1181,1192
2026020021,8483445,ANA,Cutter Gauthier,2,9,00:00,00:56,00:56,1200,1256
2026020021,8483445,ANA,Cutter Gauthier,2,10,03:54,04:48,00:54,1434,1488
2026020021,8483445,ANA,Cutter Gauthier,2,11,06:13,07:03,00:50,1573,1623
2026020021,8483445,ANA,Cutter Gauthier,2,12,09:19,09:52,00:33,1759,1792
2026020021,8483445,ANA,Cutter Gauthier,2,13,10:52,11:57,01:05,1852,1917
2026020021,8483445,ANA,Cutter Gauthier,2,14,14:28,15:20,00:52,2068,2120
2026020021,8483445,ANA,Cutter Gauthier,2,15,17:14,18:32,01:18,2234,2312
2026020021,8483445,ANA,Cutter Gauthier,3,16,00:00,01:45,01:45,2400,2505
2026020021,8483445,ANA,Cutter Gauthier,3,17,03:54,04:38,00:44,2634,2678
2026020021,8483445,ANA,Cutter Gauthier,3,18,06:07,06:47,00:40,2767,2807
2026020021,8483445,ANA,Cutter Gauthier,3,19,10:30,11:23,00:53,3030,3083
2026020021,8483445,ANA,Cutter Gauthier,3,20,13:10,13:42,00:32,3190,3222
2026020021,8483445,ANA,Cutter Gauthier,3,21,16:05,16:53,00:48,3365,3413
2026020021,8483482,ANA,Tristan Luneau,1,1,00:00,00:44,00:44,0,44
2026020021,8483482,ANA,Tristan Luneau,1,2,02:15,03:10,00:55,135,190
2026020021,8483482,ANA,Tristan Luneau,1,3,04:07,05:05,00:58,247,305
2026020021,8483482,ANA,Tristan Luneau,1,4,06:21,06:52,00:31,381,412
2026020021,8483482,ANA,Tristan Luneau,1,5,08:27,09:13,00:46,507,553
2026020021,8483482,ANA,Tristan Luneau,1,6,10:54,11:42,00:48,654,702
2026020021,8483482,ANA,Tristan Luneau,1,7,13:46,14:32,00:46,826,872
2026020021,8483482,ANA,Tristan Luneau,1,8,16:12,17:27,01:15,972,1047
2026020021,8483482,ANA,Tristan Luneau,1,9,19:17,19:52,00:35,1157,1192
2026020021,8483482,ANA,Tristan Luneau,2,10,00:00,00:36,00:36,1200,1236
2026020021,8483482,ANA,Tristan Luneau,2,11,01:58,02:52,00:54,1318,1372
2026020021,8483482,ANA,Tristan Luneau,2,12,03:05,03:58,00:53,1385,1438
2026020021,8483482,ANA,Tristan Luneau,2,13,04:58,06:04,01:06,1498,1564
2026020021,8483482,ANA,Tristan Luneau,2,14,07:01,08:19,01:18,1621,1699
2026020021,8483482,ANA,Tristan Luneau,2,15,09:19,10:13,00:54,1759,1813
2026020021,8483482,ANA,Tristan Luneau,2,16,11:58,13:29,01:31,1918,2009
2026020021,8483482,ANA,Tristan Luneau,2,17,14:49,16:23,01:34,2089,2183
2026020021,8483482,ANA,Tristan Luneau,2,18,17:10,18:33,01:23,2230,2313
2026020021,8483482,ANA,Tristan Luneau,2,19,19:34,20:00,00:26,2374,2400
2026020021,8483482,ANA,Tristan Luneau,3,20,01:13,02:28,01:15,2473,2548
2026020021,8483482,ANA,Tristan Luneau,3,21,03:07,04:03,00:56,2587,2643
2026020021,8483482,ANA,Tristan Luneau,3,22,06:18,06:47,00:29,2778,2807
2026020021,8483482,ANA,Tristan Luneau,3,23,07:19,07:57,00:38,2839,2877
2026020021,8483482,ANA,Tristan Luneau,3,24,09:40,10:30,00:50,2980,3030
2026020021,8483482,ANA,Tristan Luneau,3,25,11:12,12:41,01:29,3072,3161
2026020021,8483482,ANA,Tristan Luneau,3,26,14:03,14:58,00:55,3243,3298
2026020021,8483482,ANA,Tristan Luneau,3,27,15:41,16:56,01:15,3341,3416
2026020021,8483482,ANA,Tristan Luneau,3,28,18:33,19:51,01:18,3513,3591
2026020021,8483490,ANA,Pavel Mintyukov,1,1,00:34,01:23,00:49,34,83
2026020021,8483490,ANA,Pavel Mintyukov,1,2,03:10,04:07,00:57,190,247
2026020021,8483490,ANA,Pavel Mintyukov,1,3,05:26,06:04,00:38,326,364
2026020021,8483490,ANA,Pavel Mintyukov,1,4,07:08,07:40,00:32,428,460
2026020021,8483490,ANA,Pavel Mintyukov,1,5,09:04,09:39,00:35,544,579
2026020021,8483490,ANA,Pavel Mintyukov,1,6,11:30,12:21,00:51,690,741
2026020021,8483490,ANA,Pavel Mintyukov,1,7,14:44,15:23,00:39,884,923
2026020021,8483490,ANA,Pavel Mintyukov,1,8,17:22,18:31,01:09,1042,1111
2026020021,8483490,ANA,Pavel Mintyukov,1,9,19:17,19:52,00:35,1157,1192
2026020021,8483490,ANA,Pavel Mintyukov,2,10,00:53,01:25,00:32,1253,1285
2026020021,8483490,ANA,Pavel Mintyukov,2,11,02:52,03:05,00:13,1372,1385
2026020021,8483490,ANA,Pavel Mintyukov,2,12,03:51,04:28,00:37,1431,1468
2026020021,8483490,ANA,Pavel Mintyukov,2,13,06:05,07:01,00:56,1565,1621
2026020021,8483490,ANA,Pavel Mintyukov,2,14,08:19,09:19,01:00,1699,1759
2026020021,8483490,ANA,Pavel Mintyukov,2,15,10:48,11:58,01:10,1848,1918
2026020021,8483490,ANA,Pavel Mintyukov,2,16,13:29,14:13,00:44,2009,2053
2026020021,8483490,ANA,Pavel Mintyukov,2,17,16:23,17:11,00:48,2183,2231
2026020021,8483490,ANA,Pavel Mintyukov,2,18,18:34,19:20,00:46,2314,2360
2026020021,8483490,ANA,Pavel Mintyukov,3,19,01:45,02:28,00:43,2505,2548
2026020021,8483490,ANA,Pavel Mintyukov,3,20,04:38,05:06,00:28,2678,2706
2026020021,8483490,ANA,Pavel Mintyukov,3,21,06:07,06:18,00:11,2767,2778
2026020021,8483490,ANA,Pavel Mintyukov,3,22,06:47,07:19,00:32,2807,2839
2026020021,8483490,ANA,Pavel Mintyukov,3,23,07:57,09:40,01:43,2877,2980
2026020021,8483490,ANA,Pavel Mintyukov,3,24,10:30,11:12,00:42,3030,3072
2026020021,8483490,ANA,Pavel Mintyukov,3,25,13:10,14:03,00:53,3190,3243
2026020021,8483490,ANA,Pavel Mintyukov,3,26,14:47,15:41,00:54,3287,3341
2026020021,8483490,ANA,Pavel Mintyukov,3,27,16:29,16:56,00:27,3389,3416
2026020021,8483490,ANA,Pavel Mintyukov,3,28,17:10,18:16,01:06,3430,3496
2026020021,8483490,ANA,Pavel Mintyukov,3,29,17:10,18:16,01:06,3430,3496
2026020021,8483521,ANA,Noah Warren,1,1,01:25,02:15,00:50,85,135
2026020021,8483521,ANA,Noah Warren,1,2,05:05,05:52,00:47,305,352
2026020021,8483521,ANA,Noah Warren,1,3,07:40,08:27,00:47,460,507
2026020021,8483521,ANA,Noah Warren,1,4,11:42,12:22,00:40,702,742
2026020021,8483521,ANA,Noah Warren,1,5,13:21,13:46,00:25,801,826
2026020021,8483521,ANA,Noah Warren,1,6,15:24,16:12,00:48,924,972
2026020021,8483521,ANA,Noah Warren,1,7,17:41,17:55,00:14,1061,1075
2026020021,8483521,ANA,Noah Warren,1,8,18:48,19:17,00:29,1128,1157
2026020021,8483521,ANA,Noah Warren,2,9,01:24,01:58,00:34,1284,1318
2026020021,8483521,ANA,Noah Warren,2,10,04:17,04:58,00:41,1457,1498
2026020021,8483521,ANA,Noah Warren,2,11,10:13,10:47,00:34,1813,1847
2026020021,8483521,ANA,Noah Warren,2,12,14:11,14:49,00:38,2051,2089
2026020021,8483521,ANA,Noah Warren,3,13,02:39,03:06,00:27,2559,2586
2026020021,8483521,ANA,Noah Warren,3,14,04:02,04:38,00:36,2642,2678
2026020021,8483521,ANA,Noah Warren,3,15,05:06,06:07,01:01,2706,2767
2026020021,8483521,ANA,Noah Warren,3,16,12:41,12:43,00:02,3161,3163
2026020021,8483553,VGK,Marc Gatcomb,1,1,02:15,02:49,00:34,135,169
2026020021,8483553,VGK,Marc Gatcomb,1,2,05:12,06:11,00:59,312,371
2026020021,8483553,VGK,Marc Gatcomb,1,3,08:27,09:09,00:42,507,549
2026020021,8483553,VGK,Marc Gatcomb,1,4,13:24,13:46,00:22,804,826
2026020021,8483553,VGK,Marc Gatcomb,1,5,16:15,17:23,01:08,975,1043
2026020021,8483553,VGK,Marc Gatcomb,1,6,19:52,20:00,00:08,1192,1200
2026020021,8483553,VGK,Marc Gatcomb,2,7,02:24,03:05,00:41,1344,1385
2026020021,8483553,VGK,Marc Gatcomb,2,8,06:04,07:03,00:59,1564,1623
2026020021,8483553,VGK,Marc Gatcomb,2,9,11:14,12:03,00:49,1874,1923
2026020021,8483553,VGK,Marc Gatcomb,2,10,18:36,19:47,01:11,2316,2387
2026020021,8483890,VGK,Braeden Bowman,1,1,02:15,02:49,00:34,135,169
2026020021,8483890,VGK,Braeden Bowman,1,2,05:15,06:11,00:56,315,371
2026020021,8483890,VGK,Braeden Bowman,1,3,08:32,09:19,00:47,512,559
2026020021,8483890,VGK,Braeden Bowman,1,4,13:25,13:46,00:21,805,826
2026020021,8483890,VGK,Braeden Bowman,1,5,16:14,17:15,01:01,974,1035
2026020021,8483890,VGK,Braeden Bowman,1,6,18:52,19:52,01:00,1132,1192
2026020021,8483890,VGK,Braeden Bowman,2,7,02:24,03:05,00:41,1344,1385
2026020021,8483890,VGK,Braeden Bowman,2,8,06:16,07:03,00:47,1576,1623
2026020021,8483890,VGK,Braeden Bowman,2,9,12:03,12:41,00:38,1923,1961
2026020021,8483890,VGK,Braeden Bowman,2,10,15:17,16:17,01:00,2117,2177
2026020021,8483890,VGK,Braeden Bowman,2,11,19:47,20:00,00:13,2387,2400
2026020021,8483890,VGK,Braeden Bowman,3,12,02:28,03:07,00:39,2548,2587
2026020021,8483890,VGK,Braeden Bowman,3,13,06:07,06:47,00:40,2767,2807
2026020021,8483890,VGK,Braeden Bowman,3,14,09:40,10:30,00:50,2980,3030
2026020021,8483890,VGK,Braeden Bowman,3,15,12:06,12:43,00:37,3126,3163
2026020021,8483890,VGK,Braeden Bowman,3,16,14:26,15:16,00:50,3266,3316
2026020021,8483890,VGK,Braeden Bowman,3,17,16:56,17:24,00:28,3416,3444
2026020021,8483890,VGK,Braeden Bowman,3,18,17:10,17:24,00:14,3430,3444
2026020021,8484153,ANA,Leo Carlsson,1,1,00:00,00:42,00:42,0,42
2026020021,8484153,ANA,Leo Carlsson,1,2,03:10,03:53,00:43,190,233
2026020021,8484153,ANA,Leo Carlsson,1,3,05:52,06:21,00:29,352,381
2026020021,8484153,ANA,Leo Carlsson,1,4,09:03,10:52,01:49,543,652
2026020021,8484153,ANA,Leo Carlsson,1,5,12:42,13:25,00:43,762,805
2026020021,8484153,ANA,Leo Carlsson,1,6,13:54,14:46,00:52,834,886
2026020021,8484153,ANA,Leo Carlsson,1,7,17:01,17:41,00:40,1021,1061
2026020021,8484153,ANA,Leo Carlsson,1,8,19:30,19:52,00:22,1170,1192
2026020021,8484153,ANA,Leo Carlsson,2,9,00:00,00:33,00:33,1200,1233
2026020021,8484153,ANA,Leo Carlsson,2,10,03:39,04:39,01:00,1419,1479
2026020021,8484153,ANA,Leo Carlsson,2,11,06:05,07:03,00:58,1565,1623
2026020021,8484153,ANA,Leo Carlsson,2,12,09:19,09:51,00:32,1759,1791
2026020021,8484153,ANA,Leo Carlsson,2,13,10:47,11:59,01:12,1847,1919
2026020021,8484153,ANA,Leo Carlsson,2,14,14:18,15:11,00:53,2058,2111
2026020021,8484153,ANA,Leo Carlsson,2,15,17:21,18:33,01:12,2241,2313
2026020021,8484153,ANA,Leo Carlsson,3,16,00:00,01:45,01:45,2400,2505
2026020021,8484153,ANA,Leo Carlsson,3,17,04:03,04:38,00:35,2643,2678
2026020021,8484153,ANA,Leo Carlsson,3,18,06:07,06:47,00:40,2767,2807
2026020021,8484153,ANA,Leo Carlsson,3,19,10:30,11:17,00:47,3030,3077
2026020021,8484153,ANA,Leo Carlsson,3,20,13:19,13:41,00:22,3199,3221
2026020021,8484153,ANA,Leo Carlsson,3,21,15:58,16:52,00:54,3358,3412
2026020021,8484262,ANA,Travis Mitchell,1,1,00:44,01:26,00:42,44,86
2026020021,8484262,ANA,Travis Mitchell,1,2,03:10,04:08,00:58,190,248
2026020021,8484262,ANA,Travis Mitchell,1,3,05:49,06:21,00:32,349,381
2026020021,8484262,ANA,Travis Mitchell,1,4,06:53,07:40,00:47,413,460
2026020021,8484262,ANA,Travis Mitchell,1,5,09:13,09:39,00:26,553,579
2026020021,8484262,ANA,Travis Mitchell,1,6,12:21,13:25,01:04,741,805
2026020021,8484262,ANA,Travis Mitchell,1,7,14:32,15:24,00:52,872,924
2026020021,8484262,ANA,Travis Mitchell,1,8,17:27,17:41,00:14,1047,1061
2026020021,8484262,ANA,Travis Mitchell,1,9,17:55,18:48,00:53,1075,1128
2026020021,8484262,ANA,Travis Mitchell,1,10,19:52,20:00,00:08,1192,1200
2026020021,8484262,ANA,Travis Mitchell,2,11,00:36,01:24,00:48,1236,1284
2026020021,8484262,ANA,Travis Mitchell,2,12,02:53,03:05,00:12,1373,1385
2026020021,8484262,ANA,Travis Mitchell,2,13,03:58,04:17,00:19,1438,1457
2026020021,8484262,ANA,Travis Mitchell,2,14,06:04,07:01,00:57,1564,1621
2026020021,8484262,ANA,Travis Mitchell,2,15,08:19,09:19,01:00,1699,1759
2026020021,8484262,ANA,Travis Mitchell,2,16,10:47,11:58,01:11,1847,1918
2026020021,8484262,ANA,Travis Mitchell,2,17,13:29,14:11,00:42,2009,2051
2026020021,8484262,ANA,Travis Mitchell,2,18,16:23,17:10,00:47,2183,2230
2026020021,8484262,ANA,Travis Mitchell,2,19,18:33,19:34,01:01,2313,2374
2026020021,8484262,ANA,Travis Mitchell,3,20,02:28,02:39,00:11,2548,2559
2026020021,8484262,ANA,Travis Mitchell,3,21,04:38,05:07,00:29,2678,2707
2026020021,8484262,ANA,Travis Mitchell,3,22,06:07,06:18,00:11,2767,2778
2026020021,8484262,ANA,Travis Mitchell,3,23,06:47,07:19,00:32,2807,2839
2026020021,8484262,ANA,Travis Mitchell,3,24,07:57,09:40,01:43,2877,2980
2026020021,8484262,ANA,Travis Mitchell,3,25,10:30,11:12,00:42,3030,3072
2026020021,8484262,ANA,Travis Mitchell,3,26,13:19,14:03,00:44,3199,3243
2026020021,8484262,ANA,Travis Mitchell,3,27,14:58,15:41,00:43,3298,3341
2026020021,8484262,ANA,Travis Mitchell,3,28,16:52,18:33,01:41,3412,3513
2026020021,8484262,ANA,Travis Mitchell,3,29,19:51,20:00,00:09,3591,3600
2026020021,8484762,ANA,Beckett Sennecke,1,1,00:35,01:26,00:51,35,86
2026020021,8484762,ANA,Beckett Sennecke,1,2,03:47,04:45,00:58,227,285
2026020021,8484762,ANA,Beckett Sennecke,1,3,06:52,07:39,00:47,412,459
2026020021,8484762,ANA,Beckett Sennecke,1,4,09:39,10:54,01:15,579,654
2026020021,8484762,ANA,Beckett Sennecke,1,5,12:43,13:46,01:03,763,826
2026020021,8484762,ANA,Beckett Sennecke,1,6,14:47,15:26,00:39,887,926
2026020021,8484762,ANA,Beckett Sennecke,1,7,19:30,19:52,00:22,1170,1192
2026020021,8484762,ANA,Beckett Sennecke,2,8,00:44,01:33,00:49,1244,1293
2026020021,8484762,ANA,Beckett Sennecke,2,9,03:05,03:55,00:50,1385,1435
2026020021,8484762,ANA,Beckett Sennecke,2,10,07:03,08:35,01:32,1623,1715
2026020021,8484762,ANA,Beckett Sennecke,2,11,09:52,10:13,00:21,1792,1813
2026020021,8484762,ANA,Beckett Sennecke,2,12,12:00,12:41,00:41,1920,1961
2026020021,8484762,ANA,Beckett Sennecke,2,13,14:39,15:38,00:59,2079,2138
2026020021,8484762,ANA,Beckett Sennecke,2,14,18:32,19:28,00:56,2312,2368
2026020021,8484762,ANA,Beckett Sennecke,3,15,00:00,01:45,01:45,2400,2505
2026020021,8484762,ANA,Beckett Sennecke,3,16,06:47,07:34,00:47,2807,2854
2026020021,8484762,ANA,Beckett Sennecke,3,17,09:40,10:30,00:50,2980,3030
2026020021,8484762,ANA,Beckett Sennecke,3,18,12:43,13:31,00:48,3163,3211
2026020021,8484762,ANA,Beckett Sennecke,3,19,15:41,16:51,01:10,3341,3411
2026020021,8484762,ANA,Beckett Sennecke,3,20,18:16,18:57,00:41,3496,3537
2026020021,8484803,VGK,Trevor Connelly,1,1,01:39,02:15,00:36,99,135
2026020021,8484803,VGK,Trevor Connelly,1,2,04:39,05:15,00:36,279,315
2026020021,8484803,VGK,Trevor Connelly,1,3,07:50,08:32,00:42,470,512
2026020021,8484803,VGK,Trevor Connelly,1,4,10:54,11:36,00:42,654,696
2026020021,8484803,VGK,Trevor Connelly,1,5,12:46,13:25,00:39,766,805
2026020021,8484803,VGK,Trevor Connelly,1,6,15:31,16:14,00:43,931,974
2026020021,8484803,VGK,Trevor Connelly,1,7,18:54,19:30,00:36,1134,1170
2026020021,8484803,VGK,Trevor Connelly,2,8,01:33,02:24,00:51,1293,1344
2026020021,8484803,VGK,Trevor Connelly,2,9,04:55,06:15,01:20,1495,1575
2026020021,8484803,VGK,Trevor Connelly,2,10,08:43,10:03,01:20,1723,1803
2026020021,8484803,VGK,Trevor Connelly,2,11,13:05,14:24,01:19,1985,2064
2026020021,8484803,VGK,Trevor Connelly,2,12,18:34,19:30,00:56,2314,2370
2026020021,8484803,VGK,Trevor Connelly,3,13,02:18,02:28,00:10,2538,2548
2026020021,8485512,ANA,Tim Washe,1,1,02:15,03:10,00:55,135,190
2026020021,8485512,ANA,Tim Washe,1,2,05:21,05:49,00:28,321,349
2026020021,8485512,ANA,Tim Washe,1,3,08:28,09:03,00:35,508,543
2026020021,8485512,ANA,Tim Washe,1,4,11:31,12:22,00:51,691,742
2026020021,8485512,ANA,Tim Washe,1,5,13:25,13:54,00:29,805,834
2026020021,8485512,ANA,Tim Washe,1,6,16:12,17:01,00:49,972,1021
2026020021,8485512,ANA,Tim Washe,1,7,17:41,17:55,00:14,1061,1075
2026020021,8485512,ANA,Tim Washe,1,8,18:48,19:16,00:28,1128,1156
2026020021,8485512,ANA,Tim Washe,1,9,19:52,20:00,00:08,1192,1200
2026020021,8485512,ANA,Tim Washe,2,10,02:24,03:05,00:41,1344,1385
2026020021,8485512,ANA,Tim Washe,2,11,05:18,06:05,00:47,1518,1565
2026020021,8485512,ANA,Tim Washe,2,12,09:51,09:52,00:01,1791,1792
2026020021,8485512,ANA,Tim Washe,2,13,10:13,10:47,00:34,1813,1847
2026020021,8485512,ANA,Tim Washe,2,14,13:29,14:18,00:49,2009,2058
2026020021,8485512,ANA,Tim Washe,2,15,15:38,16:28,00:50,2138,2188
2026020021,8485512,ANA,Tim Washe,3,16,02:28,03:04,00:36,2548,2584
2026020021,8485512,ANA,Tim Washe,3,17,04:38,05:06,00:28,2678,2706
2026020021,8485512,ANA,Tim Washe,3,18,05:23,06:07,00:44,2723,2767
2026020021,8485512,ANA,Tim Washe,3,19,07:57,09:40,01:43,2877,2980
2026020021,8485512,ANA,Tim Washe,3,20,10:30,10:41,00:11,3030,3041
2026020021,8485512,ANA,Tim Washe,3,21,12:01,12:43,00:42,3121,3163
2026020021,8485512,ANA,Tim Washe,3,22,14:47,15:16,00:29,3287,3316
2026020021,8485512,ANA,Tim Washe,3,23,17:10,18:38,01:28,3430,3518
2026020021,8485512,ANA,Tim Washe,3,24,18:57,20:00,01:03,3537,3600
