game_id,date,team,opp,home,player_id,player,full_name,sweater,pos,goals,assists,points,plus_minus,pim,hits,pp_goals,sog,faceoff_pct,toi,toi_s,ev_toi_s,pp_toi_s,sh_toi_s,blocked,shifts,giveaways,takeaways,starter,decision,shots_against,saves,save_pct,goals_against
2026020019,2026-10-02,BOS,WPG,0,8482175,J. Peterka,JJ Peterka,10,R,1,0,1,1,0,0,0,5,0.0,20:05,1205,986,219,0,1,20,2,0,,,,,,
2026020019,2026-10-02,BOS,WPG,0,8479999,C. Mittelstadt,Casey Mittelstadt,11,C,0,0,0,1,0,0,0,2,0.0,14:01,841,826,15,0,0,18,1,2,,,,,,
2026020019,2026-10-02,BOS,WPG,0,8478401,P. Zacha,Pavel Zacha,18,C,0,0,0,2,0,0,0,3,0.5,19:33,1173,947,163,63,3,22,2,0,,,,,,
2026020019,2026-10-02,BOS,WPG,0,8477496,E. Lindholm,Elias Lindholm,28,C,1,0,1,0,2,1,0,5,0.533333,15:53,953,880,66,7,0,22,2,0,,,,,,
2026020019,2026-10-02,BOS,WPG,0,8479987,M. Geekie,Morgan Geekie,39,C,0,1,1,2,0,2,0,0,0.0,18:53,1133,916,217,0,0,20,1,0,,,,,,
2026020019,2026-10-02,BOS,WPG,0,8485395,J. Hagens,James Hagens,44,C,1,0,1,1,0,2,0,1,0.0,14:14,854,831,23,0,0,16,1,0,,,,,,
2026020019,2026-10-02,BOS,WPG,0,8480355,M. Kastelic,Mark Kastelic,47,C,0,1,1,0,5,3,0,1,0.0,09:17,557,490,0,67,1,14,0,0,,,,,,
2026020019,2026-10-02,BOS,WPG,0,8476374,S. Kuraly,Sean Kuraly,52,C,0,0,0,0,2,6,0,1,0.555556,11:02,662,591,0,71,0,14,0,0,,,,,,
2026020019,2026-10-02,BOS,WPG,0,8479661,T. Jeannot,Tanner Jeannot,84,L,0,0,0,-1,0,5,0,0,0.0,10:15,615,572,0,43,0,13,0,0,,,,,,
2026020019,2026-10-02,BOS,WPG,0,8477956,D. Pastrnak,David Pastrnak,88,R,0,2,2,0,0,0,0,4,1.0,22:04,1324,1096,220,8,1,22,5,1,,,,,,
2026020019,2026-10-02,BOS,WPG,0,8482177,M. Khusnutdinov,Marat Khusnutdinov,92,C,0,0,0,0,0,0,0,0,1.0,15:55,955,809,8,138,0,19,1,1,,,,,,
2026020019,2026-10-02,BOS,WPG,0,8483489,F. Minten,Fraser Minten,93,C,0,0,0,1,0,1,0,1,0.6,16:50,1010,874,21,115,0,20,2,0,,,,,,
2026020019,2026-10-02,BOS,WPG,0,8482511,M. Lohrei,Mason Lohrei,6,D,0,1,1,1,0,0,0,0,0.0,21:53,1313,1193,120,0,0,25,1,0,,,,,,
2026020019,2026-10-02,BOS,WPG,0,8478840,W. Borgen,William Borgen,17,D,0,1,1,1,0,1,0,0,0.0,19:32,1172,1015,0,157,0,24,1,2,,,,,,
2026020019,2026-10-02,BOS,WPG,0,8476854,H. Lindholm,Hampus Lindholm,27,D,1,0,1,1,0,0,0,2,0.0,21:42,1302,1064,120,118,2,25,3,1,,,,,,
2026020019,2026-10-02,BOS,WPG,0,8481219,J. Aspirot,Jonathan Aspirot,45,D,0,0,0,0,4,1,0,3,0.0,16:05,965,957,8,0,3,24,0,0,,,,,,
2026020019,2026-10-02,BOS,WPG,0,8477365,C. Clifton,Connor Clifton,75,D,0,0,0,-1,0,2,0,2,0.0,18:35,1115,976,0,139,0,24,0,1,,,,,,
2026020019,2026-10-02,BOS,WPG,0,8477507,N. Zadorov,Nikita Zadorov,91,D,0,2,2,0,0,2,0,0,0.0,20:54,1254,1156,0,98,2,25,2,0,,,,,,
2026020019,2026-10-02,BOS,WPG,0,8480280,J. Swayman,Jeremy Swayman,1,G,,,,,0,,,,,62:25,3745,,,,,,,,True,W,33,30,0.909091,3
2026020019,2026-10-02,BOS,WPG,0,8480022,M. DiPietro,,30,G,,,,,0,,,,,00:00,0,,,,,,,,False,,0,0,,0
2026020019,2026-10-02,WPG,BOS,1,8476480,V. Namestnikov,Vladislav Namestnikov,7,C,0,0,0,-1,0,0,0,1,0.555556,11:45,705,591,42,72,1,15,1,0,,,,,,
2026020019,2026-10-02,WPG,BOS,1,8480113,A. Iafallo,Alex Iafallo,9,L,0,0,0,0,0,1,0,0,0.0,12:10,730,630,5,95,0,19,0,0,,,,,,
2026020019,2026-10-02,WPG,BOS,1,8480014,G. Vilardi,Gabriel Vilardi,13,C,0,1,1,-2,0,0,0,1,1.0,19:25,1165,954,211,0,0,18,2,0,,,,,,
2026020019,2026-10-02,WPG,BOS,1,8476392,A. Lowry,Adam Lowry,17,C,0,2,2,0,0,3,0,2,0.5,16:07,967,881,7,79,2,27,0,1,,,,,,
2026020019,2026-10-02,WPG,BOS,1,8482765,I. Rosen,Isak Rosén,27,R,0,0,0,-1,0,0,0,1,0.0,10:50,650,610,40,0,2,13,1,0,,,,,,
2026020019,2026-10-02,WPG,BOS,1,8480289,M. Barron,Morgan Barron,36,C,0,1,1,1,2,1,0,2,0.0,15:53,953,904,3,46,2,25,0,0,,,,,,
2026020019,2026-10-02,WPG,BOS,1,8476460,M. Scheifele,Mark Scheifele,55,C,0,0,0,-1,0,0,0,0,0.583333,22:29,1349,1126,215,8,0,25,3,2,,,,,,
2026020019,2026-10-02,WPG,BOS,1,8486025,V. Björck,Viggo Björck,61,C,0,0,0,0,0,0,0,2,0.222222,15:42,942,806,37,99,0,19,0,1,,,,,,
2026020019,2026-10-02,WPG,BOS,1,8475799,N. Niederreiter,Nino Niederreiter,62,R,0,0,0,0,0,2,0,0,0.0,12:17,737,699,38,0,0,13,1,0,,,,,,
2026020019,2026-10-02,WPG,BOS,1,8478398,K. Connor,Kyle Connor,81,L,1,1,2,0,0,1,1,9,0.0,20:56,1256,968,207,81,2,25,0,0,,,,,,
2026020019,2026-10-02,WPG,BOS,1,8482149,C. Perfetti,Cole Perfetti,91,C,0,1,1,-1,0,3,0,4,0.0,17:06,1026,819,207,0,1,20,0,0,,,,,,
2026020019,2026-10-02,WPG,BOS,1,8483471,B. Lambert,Brad Lambert,93,C,0,0,0,0,0,1,0,0,0.0,11:49,709,709,0,0,0,18,2,0,,,,,,
2026020019,2026-10-02,WPG,BOS,1,8476331,D. DeMelo,Dylan DeMelo,2,D,1,0,1,0,0,0,0,1,0.0,22:53,1373,1263,0,110,1,31,3,1,,,,,,
2026020019,2026-10-02,WPG,BOS,1,8480145,N. Pionk,Neal Pionk,4,D,0,0,0,-1,0,1,0,2,0.0,24:37,1477,1294,53,130,1,32,1,0,,,,,,
2026020019,2026-10-02,WPG,BOS,1,8479983,M. Ferraro,Mario Ferraro,38,D,1,0,1,0,0,1,0,3,0.0,17:58,1078,992,0,86,3,19,1,0,,,,,,
2026020019,2026-10-02,WPG,BOS,1,8477504,J. Morrissey,Josh Morrissey,44,D,0,0,0,-2,0,0,0,4,0.0,25:22,1522,1291,207,24,2,32,1,0,,,,,,
2026020019,2026-10-02,WPG,BOS,1,8480049,D. Samberg,Dylan Samberg,54,D,0,0,0,0,0,0,0,1,0.0,22:46,1366,1228,8,130,3,26,0,0,,,,,,
2026020019,2026-10-02,WPG,BOS,1,8482459,T. Bauer,Tyrel Bauer,77,D,0,0,0,0,9,3,0,0,0.0,05:58,358,358,0,0,0,13,0,0,,,,,,
2026020019,2026-10-02,WPG,BOS,1,8483532,C. Stevenson,,33,G,,,,,0,,,,,00:00,0,,,,,,,,False,,0,0,,0
2026020019,2026-10-02,WPG,BOS,1,8479973,S. Skinner,Stuart Skinner,74,G,,,,,0,,,,,63:21,3801,,,,,,,,True,O,30,26,0.866667,4
