date,captured_utc,away,home,start_utc,team,side,goalie,dfo_id,status,news_utc,news,source,moneyline,spread,season_sv_pct,season_gaa
2026-10-07,2026-10-07T16:02:15.330439+00:00,COL,WPG,2026-10-07T23:30:00.000Z,COL,away,Mackenzie Blackwood,3792,Likely,2026-10-07T15:53:47.969Z,Blackwood was the first goalie off the ice at Colorado’s morning skate on Wednesday.,Conor McGahey,-185,1.5,0.912,2.5
2026-10-07,2026-10-07T16:02:15.330439+00:00,COL,WPG,2026-10-07T23:30:00.000Z,WPG,home,Stuart Skinner,4741,,,,,154,1.5,0.908,2.9
2026-10-07,2026-10-07T16:02:15.330439+00:00,PIT,WSH,2026-10-07T23:30:00.000Z,PIT,away,Arturs Silovs,31270,Confirmed,2026-10-07T15:50:35.352Z,Silovs will start in Washington on Wednesday.,Josh Yohe,136,1.5,0.886,2.46
2026-10-07,2026-10-07T16:02:15.330439+00:00,PIT,WSH,2026-10-07T23:30:00.000Z,WSH,home,Logan Thompson,28990,Confirmed,2026-10-07T14:38:59.868Z,Thompson will start vs. Pittsburgh on Wednesday.,Sammi Silber,-162,1.5,0.939,2.0
2026-10-07,2026-10-07T16:02:15.330439+00:00,EDM,ANA,2026-10-08T02:00:00.000Z,EDM,away,Devon Levi,33010,Confirmed,2026-10-05T18:02:22.996Z,Levi will start in Anaheim on Wednesday.,Jack Michaels,-125,1.5,0.81,4.0
2026-10-07,2026-10-07T16:02:15.330439+00:00,EDM,ANA,2026-10-08T02:00:00.000Z,ANA,home,Lukas Dostal,29143,,,,,105,1.5,0.918,2.42
2026-10-07,2026-10-07T20:57:14.875462+00:00,COL,WPG,2026-10-07T23:30:00.000Z,COL,away,Mackenzie Blackwood,3792,Likely,2026-10-07T15:53:47.969Z,Blackwood was the first goalie off the ice at Colorado’s morning skate on Wednesday.,Conor McGahey,-185,1.5,0.912,2.5
2026-10-07,2026-10-07T20:57:14.875462+00:00,COL,WPG,2026-10-07T23:30:00.000Z,WPG,home,Stuart Skinner,4741,,,,,154,1.5,0.908,2.9
2026-10-07,2026-10-07T20:57:14.875462+00:00,PIT,WSH,2026-10-07T23:30:00.000Z,PIT,away,Arturs Silovs,31270,Confirmed,2026-10-07T15:50:35.352Z,Silovs will start in Washington on Wednesday.,Josh Yohe,136,1.5,0.886,2.46
2026-10-07,2026-10-07T20:57:14.875462+00:00,PIT,WSH,2026-10-07T23:30:00.000Z,WSH,home,Logan Thompson,28990,Confirmed,2026-10-07T14:38:59.868Z,Thompson will start vs. Pittsburgh on Wednesday.,Sammi Silber,-162,1.5,0.939,2.0
2026-10-07,2026-10-07T20:57:14.875462+00:00,EDM,ANA,2026-10-08T02:00:00.000Z,EDM,away,Devon Levi,33010,Confirmed,2026-10-05T18:02:22.996Z,Levi will start in Anaheim on Wednesday.,Jack Michaels,-125,1.5,0.81,4.0
2026-10-07,2026-10-07T20:57:14.875462+00:00,EDM,ANA,2026-10-08T02:00:00.000Z,ANA,home,Lukas Dostal,29143,Confirmed,2026-10-07T17:59:00.853Z,Dostal will start vs. Edmonton on Wednesday.,Zach Cavanagh,105,1.5,0.918,2.42
